request_id,patient_id,drug,dose_mg,frequency,route,indication,justification,requested_at,prescriber
R0001,P015,meropenem,1000,q24h,IV,ESBL E. coli infection,"ESBL E. coli UTI failing 4 days of ceftriaxone with persistent fevers and rising CRP; isolate R to CTX/FEP/cipro and only I to pip-tazo. Reported anaphylactic penicillin allergy per daughter, not yet reflected in the chart allergy module. Ertapenem is susceptible but not stocked at our dialysis unit. Request meropenem 1 g IV q24h dosed for HD TTS.",2026-02-01 08:50:00+00,Dr. Ima Placeholder (SYNTHETIC)
R0002,P035,vancomycin,1000,q24h,IV,"Fever, empiric MRSA coverage pending cultures","42M w/ fever and leukocytosis (WBC 13.6, CRP 60), likely urinary source; urine cx grew E. faecalis (amp/vanc S) but pt keeps spiking and blood cx are still pending, so I want empiric gram-positive coverage continued until cultures finalize. Stable on 1g q24h w/ trough 13 and eGFR 48, no pressors, renal fcn steady — will recheck level and Cr. Plan to de-escalate to ampicillin once blood cx come back final.",2026-02-01 16:01:00+00,Dr. Testa Fakeworth (SYNTHETIC)
R0003,P036,vancomycin,1000,q8h,IV,"Fever, empiric MRSA coverage pending cultures","80F w/ severe PCN allergy (angioedema) — beta-lactams contraindicated, so vanc is the empiric MRSA agent while cultures are awaited (fever, CRP 224). Hemodynamically stable, MAP 90, no vasopressors needed at any point this admission, no shock. No prior MRSA, VRE, ESBL, or CRE colonization or infection on chart review. Trough 18.7 w/ eGFR 50 — pharmacy to dose-adjust.",2026-02-02 17:11:00+00,Dr. Synth Ettica (SYNTHETIC)
R0004,P034,vancomycin,2000,q5d,IV,Empiric gram-positive coverage,"ESRD pt on CAPD w/ septic shock — still on norepinephrine this AM to hold MAP >=65 despite 30 mL/kg fluids on admission (lactate 4.9, WBC 16.7, CRP 216). Prior MRSA PD catheter exit-site infection (2024) w/ +MRSA nares — need reliable empiric gram-positive/MRSA coverage while cultures finalize. Renal dosing 2 g IV q5d w/ trough-guided redosing (last trough 14.8).",2026-02-07 17:59:00+00,Dr. Mock Sampleton (SYNTHETIC)
R0005,P045,meropenem,500,q24h,IV,Broad-spectrum gram-negative coverage,"Pt remains septic on norepinephrine to keep MAP >=65 despite fluids, now >5 days of cefepime with clear clinical worsening (WBC 23.7, lactate 4.2, persistent fevers). No cultures sent — need reliable broad gram-negative coverage empirically. Ampicillin anaphylaxis on file. Request meropenem 500 mg IV q24h, dosed post-HD.",2026-02-10 08:36:00+00,Dr. Faux Kidneyman (SYNTHETIC)
R0006,P042,daptomycin,600,post-HD,IV,"VRE infection, non-pulmonary source","VRE (E. faecium) UTI with systemic inflammation (WBC 14.5, CRP 160) — urinary source, not pulmonary; CXR negative 2/12 and no respiratory sx. Isolate resistant to vanc and ampicillin, and ampicillin is additionally an anaphylaxis allergy. Linezolid susceptible but avoided given anticipated 10-14 day course with baseline Hgb 9.2 and marrow suppression risk. Daptomycin susceptible and bactericidal; 600 mg (~6 mg/kg) IV post-HD fits the TTS schedule, baseline CK 98 with weekly CK monitoring planned.",2026-02-15 09:20:00+00,Dr. Mock Sampleton (SYNTHETIC)
R0007,P033,daptomycin,750,post-HD,IV,VRE pneumonia,"VRE pneumonia: sputum grew E. faecium, vanc R, amp R, dapto S. Pt failing vancomycin — ongoing fevers, worsening RLL infiltrate, rising O2 need despite therapeutic troughs x 4 days. Blood cx negative, no bacteremia. Request daptomycin 750 mg IV post-HD (HD TTS).",2026-02-19 11:10:00+00,Dr. Dummy Rowe (SYNTHETIC)
R0008,P020,vancomycin,1000,q48h,IV,MRSA bacteremia,"MRSA bacteremia (blood cx 2/18) in CKD5 pt not yet dialyzing; on vanco x3 days with trough 14.1 and clear clinical improvement — requesting continuation 1000mg IV q48h with level monitoring. Currently borderline hypotensive (MAP low 60s) but on fluids alone, no vasopressor requirement this admission. No prior MRSA/VRE/ESBL/CRE colonization or infection; ID is aware the vanc MIC came back intermediate and will switch to daptomycin if cultures fail to clear.",2026-02-21 09:21:00+00,Dr. Testa Fakeworth (SYNTHETIC)
R0009,P012,vancomycin,1000,q48h,IV,Empiric gram-positive coverage,"Requesting vanc 1 g q48h for empiric gram-positive coverage - persistent fevers ~48h into ceftriaxone for pan-susceptible E. coli UTI, blood cx no growth to date, concern for gram-positive skin/line source. Pt is hemodynamically stable, normotensive (MAP >65) off any vasopressors, and has no prior MRSA/VRE/ESBL/CRE history. Renally dosed given eGFR 26 and 49.6 kg, will follow troughs.",2026-02-24 11:00:00+00,Dr. Ima Placeholder (SYNTHETIC)
R0010,P041,vancomycin,1000,post-HD,IV,"Fever, empiric MRSA coverage pending cultures","Empiric MRSA coverage: HD pt febrile to 38.7 during today's run w/ intradialytic hypotension, WBC 23.7, CRP 249, tunneled catheter in place and prior +MRSA nares (2024) — concern for catheter-related MRSA bacteremia. Severe PCN allergy (angioedema) precludes beta-lactam empiricism. Blood cx 2/24 no growth to date, still pending; requesting vanc 1000 mg IV post-HD w/ levels to guide redosing.",2026-02-25 20:37:00+00,Dr. Faux Kidneyman (SYNTHETIC)
R0011,P017,meropenem,500,q12h,IV,ESBL E. coli infection,"ESBL E. coli bacteremia (blood cx 2/22) secondary to PD catheter-associated infection; isolate resistant to ceftriaxone, cefepime, and ciprofloxacin, with pip-tazo only intermediate, so a carbapenem is required per susceptibilities. Source control achieved with PD catheter removal on 2/23. Pt is hemodynamically stable without any vasopressor requirement. Requesting meropenem 500 mg IV q12h dosed for ESRD on intermittent HD.",2026-02-26 08:07:00+00,Dr. Synth Ettica (SYNTHETIC)
R0012,P021,meropenem,1000,q12h,IV,Broad-spectrum gram-negative coverage,"Septic shock on norepinephrine, lactate 7.5, with an undrained psoas abscess — need dependable broad gram-negative coverage while source control is still pending; MSSA bacteremia will be narrowed to cefazolin once drained and improving. No penicillin/beta-lactam allergy. Pip-tazo only started 2/26 (<48h), so this is escalation for illness severity, not declared first-line failure. Meropenem 1 g IV q12h renally dosed for eGFR 18.",2026-02-27 15:24:00+00,Dr. Mock Sampleton (SYNTHETIC)
R0013,P013,daptomycin,650,q48h,IV,"Gram-positive infection, non-pulmonary source","Non-pulmonary gram-positive source: L plantar foot ulcer w/ surrounding cellulitis, MRSA risk (wound cx and MRSA nares pending; blood cx 2/18 no growth). Requesting daptomycin for bactericidal gram-positive/MRSA activity — 650 mg (~7 mg/kg) IV q48h renally dosed for eGFR 21 / Cr 4.49, pt not on HD. Baseline CK 240; will trend CK and renal function and stop for CK rise or myalgias. NKDA per EHR.",2026-02-27 19:48:00+00,Dr. Testa Fakeworth (SYNTHETIC)
R0014,P005,daptomycin,700,post-HD,IV,"MRSA bacteremia, line source","MRSA bacteremia w/ line source in an ESRD pt on HD (TTS); clinically worsening on vanc despite therapeutic troughs (persistent fevers, WBC 13.3, CRP 128) and now a morbilliform rash persisting despite slowed infusion and premedication. Requesting daptomycin 700 mg IV post-HD; baseline CK normal, will monitor weekly.",2026-02-27 20:40:00+00,Dr. Ima Placeholder (SYNTHETIC)
R0015,P047,meropenem,1000,q8h,IV,ESBL E. coli infection,"ESBL E. coli UTI (CTX R, FEP R, cip R) w/ obstructing L ureteral stone — source control still pending, urology stent planned 3/2. Concurrent MSSA bacteremia on cefazolin. Pt hemodynamically stable, no pressors this admission. Pip-tazo started 2/27, <48h in and improving, but requesting meropenem as definitive ESBL therapy given delayed source control and CKD.",2026-03-01 07:48:00+00,Dr. Testa Fakeworth (SYNTHETIC)
R0016,P025,meropenem,1000,q8h,IV,Broad-spectrum gram-negative coverage,"MSSA bacteremia currently improving on cefazolin d7, follow-up cx 3/3 no growth; pt hemodynamically stable, no pressors this admission. Vanc listed as allergy (red man); no penicillin/beta-lactam allergy on file. Requesting meropenem 1g IV q8h for broad-spectrum gram-negative coverage per form; renal function supports dosing (eGFR 53).",2026-03-06 11:41:00+00,Dr. Mock Sampleton (SYNTHETIC)
R0017,P030,meropenem,1000,q24h,IV,ESBL E. coli infection,"ESBL E. coli pyelonephritis in an HD pt — isolate resistant to ceftriaxone, cefepime and cipro, and only intermediate to pip-tazo, which we're avoiding regardless d/t PCN anaphylaxis. Ertapenem is susceptible but non-formulary/not stocked at our facility, so requesting meropenem 1 g IV q24h, dosed after HD on dialysis days (HD MWF). Pt is stable off pressors and the obstructing stone was decompressed w/ a ureteral stent on 03/03.",2026-03-06 16:20:00+00,Dr. Mock Sampleton (SYNTHETIC)
R0018,P006,meropenem,500,q24h,IV,"Gram-negative infection, resistant isolate","43F on CAPD w/ Klebsiella pneumoniae (CRE) bacteremia; failing first-line therapy — >72h (now day 4-5) of ceftriaxone with persistent fever, WBC 13.8 and CRP rising to 208, no clinical improvement. Severe PCN (angioedema) and vancomycin (DRESS) reactions limit options. Source not yet controlled: infected PD catheter removal recommended but declined by pt at this time. Currently hemodynamically stable off vasopressors; requesting meropenem 500 IV q24h per resistant gram-negative pathway while ID finalizes definitive therapy.",2026-03-06 20:38:00+00,Dr. Synth Ettica (SYNTHETIC)
R0019,P031,vancomycin,750,q24h,IV,Empiric gram-positive coverage,"Requesting continuation of vancomycin 750 mg IV q24h for empiric gram-positive coverage in E. coli urosepsis; severe penicillin allergy (angioedema) limits beta-lactam alternatives. Pt is hemodynamically stable, never required pressors this episode, and has no history of MRSA/VRE/ESBL/CRE. Trough 18.3 within goal on current renally adjusted dose; will de-escalate per ID once course is complete.",2026-03-12 08:17:00+00,Dr. Mock Sampleton (SYNTHETIC)
R0020,P003,daptomycin,750,post-HD,IV,"MRSA bacteremia, line source","Line-source MRSA bacteremia (tunneled HD catheter) in ESRD pt on TTS HD. Requesting dapto 750 mg IV post-HD (~6.6 mg/kg actual wt) for dependable post-dialysis dosing and to avoid vanc trough draws/level-chasing around treatments; pt stable and afebrile on vanc w/ therapeutic troughs, no rash or infusion rxn. Baseline CK 160; will f/u CK while on dapto.",2026-03-15 18:44:00+00,Dr. Faux Kidneyman (SYNTHETIC)
R0021,P022,meropenem,500,q12h,IV,Broad-spectrum gram-negative coverage,"MSSA bacteremia and E. coli UTI now failing first-line therapy: >72 h of ceftriaxone with persistent fevers, rigors, and CRP climbing to 208. Severe penicillin allergy (angioedema) limits other beta-lactam options. Pt is hemodynamically stable without vasopressors but showing no clinical improvement — requesting meropenem 500 mg IV q12h for broad-spectrum gram-negative coverage.",2026-03-15 20:11:00+00,Dr. Ima Placeholder (SYNTHETIC)
R0022,P008,meropenem,500,q24h,IV,"Gram-negative infection, empiric","Gram-negative infection, empiric. ESRD pt on HD w/ E. coli urine cx 3/14 and infected obstructing ureteral stone still in place. Requesting meropenem for broad gram-negative coverage given anaphylactic ampicillin allergy and markedly elevated inflammatory markers (CRP 244) in a dialysis-dependent pt.",2026-03-17 07:02:00+00,Dr. Ima Placeholder (SYNTHETIC)
R0023,P024,vancomycin,750,post-HD,IV,"Fever, empiric MRSA coverage pending cultures","Febrile ESRD pt on HD w/ MSSA bacteremia and repeat blood cx still pending; empiric MRSA-active coverage requested until cultures finalize. Severe PCN allergy (angioedema) precludes oxacillin and cefazolin; prior vanc reaction was mild flushing only. Pt is hemodynamically stable off all pressors w/ no hypotension, and has no hx of MRSA, VRE, ESBL, or CRE.",2026-03-21 10:50:00+00,Dr. Ima Placeholder (SYNTHETIC)
R0024,P046,daptomycin,550,post-HD,IV,"Gram-positive bacteremia, line source","Vancomycin failure: therapeutic troughs, but after >72 h the patient still has post-HD rigors/fevers, a tender tunneled line, WBC 14.0 and CRP 185; no rate-related flushing reaction. Target is gram-positive bacteremia/line source, not pneumonia or lung. Request daptomycin 550 mg IV post-HD for 80.1 kg; baseline CK 122, will monitor.",2026-03-21 20:11:00+00,Dr. Faux Kidneyman (SYNTHETIC)
R0025,P014,vancomycin,2000,q24h,IV,MRSA bacteremia,"MRSA bacteremia (blood cx 3/22) w/ sepsis — pt still on norepinephrine this morning to maintain MAP >65 despite fluid resuscitation. Vancomycin susceptible and first-line per protocol; dapto/linezolid being held as alternatives given ongoing instability. Renally dosed w/ trough monitoring; last trough 9.4, pharmacy up-titrating to goal 15-20.",2026-03-25 09:32:00+00,Dr. Faux Kidneyman (SYNTHETIC)
R0026,P027,meropenem,1000,q12h,IV,Broad-spectrum gram-negative coverage,"Septic shock requiring norepinephrine to hold MAP >=65 despite fluids, with an undrained 2.6-cm perinephric abscess (IR drainage still pending) plus MSSA bacteremia and E. coli UTI. Pt reports penicillin allergy with hives/rash (moderate), not yet in the allergy table, so pip-tazo is undesirable. She is <48h into cefepime with no first-line failure declared, but given pressor-dependent shock and an uncontrolled source, requesting meropenem 1 g IV q12h (renally dosed for eGFR 38) for dependable broad gram-negative coverage.",2026-03-25 15:51:00+00,Dr. Dummy Rowe (SYNTHETIC)
R0027,P035,meropenem,2000,q12h,IV,ESBL E. coli infection,"Blood cx 3/21 grew ESBL E. coli and the pt has now received >96h of ceftriaxone with persistent daily fevers and rising CRP — no improvement on first-line therapy. Susceptibilities show ceftriaxone R, cefepime R, piperacillin-tazobactam intermediate, and ciprofloxacin R. No penicillin or other beta-lactam allergy (NKDA). Requesting meropenem 2 g IV q12h.",2026-03-26 13:01:00+00,Dr. Ima Placeholder (SYNTHETIC)
R0028,P009,meropenem,500,q12h,IV,ESBL E. coli infection,"Urosepsis from ESBL E. coli w/ obstructing L UVJ stone still undrained; pt vasopressor-dependent — norepinephrine required to keep MAP >=65 despite fluids. Isolate R to ceftriaxone, cefepime, and ciprofloxacin; carbapenem susceptible. Request meropenem 500 mg IV q12h, renally dosed per eGFR 20 (Cr 5.19). Ertapenem reported S but not suitable given concurrent MSSA bacteremia, and pip-tazo avoided in critically ill pt w/ ESBL and uncontrolled source.",2026-03-27 15:29:00+00,Dr. Mock Sampleton (SYNTHETIC)
R0029,P033,vancomycin,750,q24h,IV,"Fever, empiric MRSA coverage pending cultures","Febrile ESRD pt on HD TTS w/ persistent fever despite ceftriaxone; urine cx w/ E. faecalis (vanc-susc) and E. coli, blood cx pending. Documented MRSA colonization (+nares 2024) — empiric MRSA coverage wanted while cultures finalize. Hemodynamically stable, no vasopressors, no shock. NKDA; vanc 750 mg IV q24h renally dosed w/ pharmacy monitoring, will de-escalate per results.",2026-03-28 09:10:00+00,Dr. Testa Fakeworth (SYNTHETIC)
R0030,P036,vancomycin,1250,q8h,IV,"Fever, empiric MRSA coverage pending cultures","80F febrile w/ E. faecalis UTI (amp S, vanc S) but severe PCN allergy (angioedema) rules out ampicillin, so requesting vanc 1250 mg IV q8h for empiric coverage pending remaining cultures. Not in shock, lactate 1.0. No prior MRSA/VRE/ESBL/CRE colonization or infection on chart review. Pharmacy to follow troughs and adjust for Cr 1.83 / CKD 3a.",2026-03-29 17:11:00+00,Dr. Faux Kidneyman (SYNTHETIC)
R0031,P007,meropenem,500,q12h,IV,"Gram-negative infection, empiric","Perinephric abscess with persistent sepsis — 4 days of ceftriaxone without improvement (ongoing fevers, CRP 56); abscess not yet drained, IR drainage pending. PCN anaphylaxis rules out pip-tazo. Pt not in shock, no pressors, MAPs 80s. Meropenem 500 IV q12h renally dosed for eGFR 40.",2026-03-30 20:01:00+00,Dr. Testa Fakeworth (SYNTHETIC)
R0032,P043,daptomycin,600,q24h,IV,"VRE bacteremia, line source","Treating VRE bacteremia with the tunneled line as source; this is not pneumonia/lung infection. Vancomycin was stopped for drug-attributed AKI with rising creatinine despite a therapeutic level, so a non-vancomycin option is being requested while line removal is arranged.",2026-04-03 11:52:00+00,Dr. Faux Kidneyman (SYNTHETIC)
R0033,P016,daptomycin,600,post-HD,IV,"VRE bacteremia, line source","E. faecium (VRE) bacteremia, source = tunneled HD catheter; no pulmonary source (CXR clear, no resp symptoms). Isolate vanc-R and amp-R, dapto-S; pt also had a moderate red-man reaction on empiric vanc that recurred despite a 4-h infusion with premedication — not controllable by slowing, vanc cannot be used. Request daptomycin 600 mg IV after each HD (TTS); baseline CK 248, will monitor CK weekly.",2026-04-06 15:46:00+00,Dr. Faux Kidneyman (SYNTHETIC)
R0034,P028,daptomycin,1200,post-HD,IV,VRE pneumonia,"77F w/ VRE pneumonia — sputum cx 4/7 grew E. faecium (VRE), amp R, dapto dosed given resistance pattern and HD schedule. Pt on TTS HD (CKD 5D), requesting daptomycin 1200 mg IV post-HD. Would prefer to avoid linezolid given baseline anemia/CKD and myelosuppression concern.",2026-04-08 15:32:00+00,Dr. Mock Sampleton (SYNTHETIC)
R0035,P019,vancomycin,750,q48h,IV,"MRSA infection, see cultures","See cultures: IV vancomycin is needed for the documented susceptible Gram-positive infection after reviewing micro and the overall picture; the urinary isolate is ampicillin-susceptible but asymptomatic and not the treatment target. Renal function is poor (eGFR 26) and the recent vancomycin trough is 19, so I am requesting 750 mg IV q48h only with pharmacy dose timing, repeat levels, and clear instructions to hold/adjust if the level stays high.",2026-04-14 17:56:00+00,Dr. Mock Sampleton (SYNTHETIC)
R0036,P005,vancomycin,1000,post-HD,IV,MRSA bacteremia,"MRSA bacteremia in ESRD pt on HD (TTS) — requesting vancomycin 1000 mg IV post-HD per ID rec. Severe PCN allergy (angioedema) limits alternatives; known MRSA colonizer (nares +2024). Running hypotensive post-HD (SBP 80s, MAP ~60) but no pressors required, no shock, lactate 1.1. Wound swab MRSA vanc-intermediate — will switch to daptomycin if inadequate response.",2026-04-15 23:40:00+00,Dr. Dummy Rowe (SYNTHETIC)
R0037,P015,vancomycin,1000,post-HD,IV,"Fever, empiric MRSA coverage pending cultures","Fever in HD pt, empiric MRSA coverage requested pending final cx given documented MRSA nares colonization (2023) and prior VRE. Requesting vanc 1000 mg IV post-HD per unit dosing protocol. Aware of prior red man reaction — will premedicate and run slow infusion.",2026-04-20 07:50:00+00,Dr. Mock Sampleton (SYNTHETIC)
R0038,P029,vancomycin,1000,post-HD,IV,"Fever, empiric MRSA coverage pending cultures","81M ESKD on HD (TTS) w/ fever 38.6 and CRP 196; blood cultures being drawn today, need empiric MRSA-active coverage in the interim. Hemodynamically stable, BP 132/78, MAP ~96, no pressors, lactate 1.8. No hx of MRSA/VRE/ESBL/CRE, nares screen neg 11/2025. Renal-appropriate dosing 1000 mg IV post-HD.",2026-04-21 18:34:00+00,Dr. Synth Ettica (SYNTHETIC)
R0039,P010,meropenem,500,q12h,IV,ESBL E. coli infection,"ESBL E. coli bacteremia with persistent fevers and rising CRP after >72h of pip-tazo, now polymicrobial with MSSA on repeat blood cultures. Infected tunneled catheter remains in place — removal recommended but family has declined, so source is uncontrolled and I want a single agent with reliable ESBL plus MSSA activity. No beta-lactam allergy; meropenem 500 mg IV q12h renally dosed for eGFR 10.",2026-04-23 07:08:00+00,Dr. Synth Ettica (SYNTHETIC)
R0040,P023,daptomycin,750,q48h,IV,"MRSA infection, non-pulmonary source","MRSA pretibial wound infection failing vancomycin — spreading erythema and rising CRP despite 5 days with therapeutic troughs (19.2), and pt also developed a vanc-associated rash. CKD stage 5 (eGFR 13, pre-dialysis) with PCN anaphylaxis. Daptomycin 750 mg IV q48h requested; source is the wound, not pulmonary.",2026-04-23 15:09:00+00,Dr. Faux Kidneyman (SYNTHETIC)
R0041,P008,vancomycin,1000,post-HD,IV,"Fever, empiric MRSA coverage pending cultures","HD-dependent CKD 5D pt w/ persistent fever, WBC 23.4, CRP 74 and known prior MRSA colonization; currently hypotensive (SBP 80s, MAP low 60s) though off vasopressors. Empiric MRSA coverage pending cultures; ampicillin anaphylaxis limits alternatives. Last vanc level 8.3, plan 1000 mg IV post-HD.",2026-04-24 12:02:00+00,Dr. Faux Kidneyman (SYNTHETIC)
R0042,P049,meropenem,1000,q8h,IV,Broad-spectrum gram-negative coverage,"Current septic shock — pt still on norepinephrine to hold MAP >=65 despite fluids, with source control already achieved (nephrostomy 4/21 for obstructing stone). Failing >48h (now ~96h) of cefepime with rising WBC 23.6 and lactate 7.4. No cultures on file to allow narrowing, so broad gram-negative/ESBL coverage needed. PCN anaphylaxis limits alternatives; carbapenem cross-reactivity negligible, renal dosing per pharmacy.",2026-04-24 16:12:00+00,Dr. Faux Kidneyman (SYNTHETIC)
R0043,P034,meropenem,500,q24h,IV,"Gram-negative infection, empiric",75F ESRD on CAPD with pyelonephritis complicated by a perinephric abscess that is still undrained (IR pending). Empiric gram-negative coverage requested given CRP 249 with persistent fevers; urine cx to date shows only E. faecalis (amp-susceptible). No penicillin/beta-lactam allergy — latex sensitivity only. Dose renally adjusted to 500 mg IV q24h for a PD patient (eGFR 7).,2026-04-24 19:59:00+00,Dr. Faux Kidneyman (SYNTHETIC)
R0044,P048,meropenem,500,q24h,IV,ESBL Klebsiella infection,"Urine cx 4/22: ESBL K. pneumoniae — resistant to ceftriaxone, cefepime, and ciprofloxacin; susceptible to meropenem. 89F ESKD on HD MWF, also on cefazolin for MSSA bacteremia s/p infected catheter removal. Source controlled (line and foley out), pt stable and off pressors. Request meropenem 500 mg IV q24h, renally dosed per susceptibilities.",2026-04-26 11:43:00+00,Dr. Dummy Rowe (SYNTHETIC)
R0045,P050,vancomycin,750,post-HD,IV,Empiric gram-positive coverage,"MSSA bacteremia on BCx 4/24, HD-dependent (MWF) — requesting vanc 750 mg IV post-HD to keep gram-positive coverage going while repeat cultures are pending; ID will switch to cefazolin once finalized. Trough 12.5 on current regimen. Prior red man reaction — will premedicate and infuse over 2 h.",2026-04-26 12:08:00+00,Dr. Testa Fakeworth (SYNTHETIC)
R0046,P011,vancomycin,750,post-HD,IV,Empiric gram-positive coverage,"Empiric gram-positive coverage for new rigors/low-grade fever in a HD pt, source unclear, CRP rising to 96, no cultures resulted yet. She is hemodynamically stable — MAP in the 90s off any pressors, no shock, tolerated full HD today. Chart review shows no prior MRSA, VRE, ESBL or CRE. 750 mg IV post-HD is the renally appropriate dose for 65.2 kg per unit protocol.",2026-04-28 15:42:00+00,Dr. Mock Sampleton (SYNTHETIC)
R0047,P018,daptomycin,600,q48h,IV,"VRE infection, non-pulmonary source","E. faecium (VRE) peritonitis in a CAPD patient — PD effluent culture 4/22, isolate ampicillin-resistant and daptomycin-susceptible; source is abdominal/PD catheter, not pulmonary. Linezolid is susceptible but avoided given baseline anemia (Hgb 9.9) and myelosuppression risk. ESRD on PD — requesting daptomycin 600 mg IV q48h per renal dosing; CK will be monitored.",2026-04-29 08:57:00+00,Dr. Ima Placeholder (SYNTHETIC)
R0048,P027,meropenem,500,q12h,IV,Broad-spectrum gram-negative coverage,"MSSA bacteremia, source controlled w/ PICC removal 4/26. Vanc causes flushing and pt reports pcn allergy w/ hives (moderate), so no first-line beta-lactam trialed yet. Pt stable off pressors. Requesting meropenem 500 mg IV q12h, renally dosed, for broad-spectrum gram-negative coverage per form.",2026-05-01 15:51:00+00,Dr. Ima Placeholder (SYNTHETIC)
R0049,P006,meropenem,500,q24h,IV,"Gram-negative infection, empiric","43F ESKD on CAPD w/ E. coli UTI and MSSA bacteremia, now in septic shock on norepinephrine to keep MAP >65 despite fluids. Failing ceftriaxone (day 7, isolate susceptible) — WBC up to 23.7, CRP 211, lactate 3.7, persistent fevers. Source not controlled: PD catheter remains in place, removal declined by pt for now. Severe PCN allergy (angioedema) plus vanc DRESS limit alternatives — requesting meropenem 500 mg IV q24h, renally dosed.",2026-05-01 17:38:00+00,Dr. Mock Sampleton (SYNTHETIC)
R0050,P037,meropenem,500,q8h,IV,ESBL E. coli infection,"ESBL E. coli bacteremia, urinary source (obstructing R ureteral stone, stented 4/25 — source controlled). Isolate resistant to ceftriaxone, cefepime, and ciprofloxacin; pip-tazo avoided d/t anaphylactic ampicillin allergy on file. Requesting meropenem 500 mg IV q8h w/ renal dosing review by pharmacy (eGFR 20). Pt hemodynamically stable, no pressor requirement this admission.",2026-05-02 09:55:00+00,Dr. Faux Kidneyman (SYNTHETIC)
R0051,P002,daptomycin,500,q48h,IV,Gram-positive infection,"MSSA bacteremia with clinical worsening — persistent daily fevers, rigors, rising WBC and CRP — after 6 days of vancomycin with documented therapeutic troughs (15-20). ESRD on CAPD, so daptomycin 500 mg IV q48h is the renally dosed request. Baseline CK 106; will monitor CK twice weekly. Pt is NKDA.",2026-05-03 13:36:00+00,Dr. Faux Kidneyman (SYNTHETIC)
R0052,P039,daptomycin,450,q48h,IV,"Gram-positive bacteremia, line source","Gram-positive line-source bacteremia in a CKD5 pt (PICC now pulled, site improving); the source is the line, not the lungs. Pt has not failed vancomycin — never received it this admission — and has no vanc intolerance or allergy (NKDA). Requesting dapto 450 mg IV q48h for reliable q48h renal dosing without level monitoring to facilitate discharge; baseline CK 166, will monitor.",2026-05-09 08:34:00+00,Dr. Testa Fakeworth (SYNTHETIC)
R0053,P004,meropenem,500,q12h,IV,ESBL E. coli infection,"ESBL E. coli bacteremia w/ clinical failure of >72h ceftriaxone (persistent fevers, rising CRP, new MSSA bacteremia) — isolate R to ceftriaxone, cefepime, ertapenem and ciprofloxacin, pip-tazo intermediate only, and ampicillin anaphylaxis on record. Source already controlled: infected obstructed kidney stented 5/6 and PICC removed 5/7. Pt hemodynamically stable off all pressors, but no viable narrower/oral options remain. Requesting meropenem 500 mg IV q12h renally dosed per eGFR 24; reported meropenem R on the automated panel is under micro confirmatory review per ID.",2026-05-10 07:15:00+00,Dr. Testa Fakeworth (SYNTHETIC)
R0054,P032,vancomycin,750,post-HD,IV,Empiric gram-positive coverage,"55F ESRD on HD MWF w/ suspected gram-positive infection — WBC 14.5, CRP 195, no cultures sent to date, not in shock. PCN anaphylaxis precludes beta-lactam alternatives and hx of MRSA colonization (nares + 2024) supports empiric vanc. Requesting 750 mg IV post-HD per renal dosing (49.6 kg, eGFR 7).",2026-05-16 18:18:00+00,Dr. Synth Ettica (SYNTHETIC)
R0055,P001,vancomycin,1000,post-HD,IV,"Fever, empiric MRSA coverage pending cultures","Febrile HD pt w/ S. aureus bacteremia (5/20, MSSA on preliminary micro) — requesting vanc 1000 mg IV post-HD for empiric MRSA coverage pending finalized cultures/ID review, per form. Intradialytic hypotension today (MAP 58, HD stopped early) but pt has never needed pressors this episode. No hx of MRSA/VRE/ESBL/CRE. Ampicillin anaphylaxis on file; prior vanc reaction limited to mild flushing — will infuse slowly post-HD.",2026-05-22 10:17:00+00,Dr. Faux Kidneyman (SYNTHETIC)
R0056,P044,daptomycin,350,q24h,IV,"VRE bacteremia, line source","VRE (E. faecium) bacteremia, source is the tunneled line (pulled 5/20), not a lung infection. Vanc failed/intolerable: vanc-attributed AKI with Cr climbing 1.9 -> 2.65 on therapeutic levels, drug d/c'd 5/22, and the isolate is vanc R regardless. Requesting daptomycin 350 mg IV q24h (~6.7 mg/kg) w/ pharmacy renal adjustment and CK monitoring (baseline 64). Linezolid S but poor option given hgb 8.5/cytopenia risk; dapto MIC from initial panel being re-verified w/ micro.",2026-05-24 16:03:00+00,Dr. Dummy Rowe (SYNTHETIC)
R0057,P003,daptomycin,700,post-HD,IV,"MRSA bacteremia, line source","MRSA bacteremia 2/2 infected tunneled HD catheter (blood cx 5/18 MRSA; line removed 5/21; repeat cx 5/22 no growth). ESRD on TTS HD, wt 112.8 kg — daptomycin ~6 mg/kg = 700 mg IV post-HD per renal dosing. Baseline CK 153; CK to be followed 2x/wk, hold for myopathy. Source is the line, not pulmonary.",2026-05-24 23:44:00+00,Dr. Dummy Rowe (SYNTHETIC)
R0058,P040,daptomycin,700,post-HD,IV,"VRE infection, non-pulmonary source","84M ESRD on HD w/ VRE (E. faecium) bacteremia from tunneled dialysis catheter — non-pulmonary source, no pneumonia. Vancomycin not usable: red-man reaction recurred despite slowing the infusion to ~4h with diphenhydramine premed (isolate also vanc-R). Prefer to avoid linezolid d/t baseline anemia/marrow suppression risk on HD. Request daptomycin 700 mg IV post-HD.",2026-05-28 08:36:00+00,Dr. Testa Fakeworth (SYNTHETIC)
R0059,P038,vancomycin,750,q24h,IV,Empiric gram-positive coverage,"Empiric gram-positive coverage for CKD5 patient with WBC 21.0/CRP 108 and no cultures sent yet. She is hypotensive now (MAP 63 after fluids) but has not required vasopressors this episode; lactate 1.4. No prior MRSA/VRE/ESBL/CRE colonization or infection documented. Request vancomycin 750 mg IV q24h with trough/renal monitoring (trough 14.8, Cr 10.16, eGFR 11).",2026-05-28 12:34:00+00,Dr. Dummy Rowe (SYNTHETIC)
R0060,P026,daptomycin,650,q48h,IV,"Gram-positive bacteremia, line source","MSSA bacteremia from an infected tunneled dialysis catheter — line source, no pulmonary involvement. Vancomycin caused severe DRESS (diffuse rash, fevers, eosinophilia) and cannot be rechallenged; anaphylactic ampicillin allergy makes cefazolin/nafcillin high-risk despite susceptibilities. eGFR 11 and not yet on dialysis, so requesting renally adjusted daptomycin 650 mg IV q48h (~6.5 mg/kg) with CK monitoring.",2026-05-29 18:07:00+00,Dr. Mock Sampleton (SYNTHETIC)
R0061,P048,meropenem,500,q12h,IV,ESBL E. coli infection,"Persistent fevers and suprapubic pain despite >72 h of cefepime — clinical failure, and the urine isolate is cefepime/CTX/cipro resistant with pip-tazo only intermediate. Source is controlled (L ureteral stent placed 5/29, obstruction relieved). She is hemodynamically stable and has not required vasopressors at any point this admission. Requesting meropenem 500 mg IV q12h dosed post-HD; ertapenem is susceptible but not on the dialysis unit formulary.",2026-06-01 08:43:00+00,Dr. Synth Ettica (SYNTHETIC)
R0062,P013,daptomycin,700,q48h,IV,"MRSA infection, non-pulmonary source","MRSA bacteremia secondary to LLE cellulitis; no pulmonary source (CXR clear, no respiratory sxs). Isolate is daptomycin-susceptible. Blood cultures cleared promptly on therapeutic vanc with no rash, no infusion reaction, and no vanc-attributed kidney injury — no failure or intolerance; request is solely for q48h renally adjusted dosing to allow OPAT in CKD stage 4 (Cr 4.1) without trough monitoring. Baseline CK 148; will follow weekly CK. Planned 4-6 wk course from first negative blood culture.",2026-06-01 17:48:00+00,Dr. Mock Sampleton (SYNTHETIC)
R0063,P031,meropenem,500,q12h,IV,"Gram-negative infection, empiric","E. coli pyelo w/ obstructing L ureteral stone — source control still pending, urology stent not scheduled until 6/3. Severe PCN allergy (angioedema) on chart limits alternative agents. Requesting meropenem 500 mg IV q12h, renally dosed for eGFR 24, for empiric gram-negative coverage per stewardship form.",2026-06-02 10:17:00+00,Dr. Mock Sampleton (SYNTHETIC)
R0064,P023,vancomycin,750,q48h,IV,MRSA bacteremia,"MRSA bacteremia in pt w/ PCN anaphylaxis; isolate vanc-susceptible and pt has prior MRSA hx (nares 2023). CKD5, eGFR 13, not on HD — 750 mg q48h w/ trough 19.2 in goal range, PharmD monitoring levels. Requesting continuation to complete treatment course.",2026-06-07 18:09:00+00,Dr. Mock Sampleton (SYNTHETIC)
R0065,P011,meropenem,500,q12h,IV,ESBL Klebsiella infection,"ESBL K. pneumoniae bacteremia (blood cx 6/15) — ceftriaxone, cefepime and ciprofloxacin all resistant. Pt is failing pip-tazo after 5 full days: persistent fevers, WBC up to 19.2, lactate 3.9, now in septic shock requiring norepinephrine to maintain MAP >=65 despite fluids. Requesting meropenem 500 mg IV q12h renally dosed for HD. Tunneled catheter source remains in place — pt has declined removal so far; still working on source control.",2026-06-18 20:42:00+00,Dr. Synth Ettica (SYNTHETIC)
R0066,P019,vancomycin,750,q48h,IV,"Fever, empiric MRSA coverage pending cultures","Pt in septic shock, still on norepinephrine to keep MAP >=65 despite fluids; empiric MRSA coverage requested pending cultures. Prior MRSA colonization (nares +2024) increases MDRO risk. Dose renally adjusted to q48h for eGFR 24; will de-escalate or d/c once cultures return.",2026-06-18 22:56:00+00,Dr. Ima Placeholder (SYNTHETIC)
R0067,P024,meropenem,500,q24h,IV,ESBL Klebsiella infection,"ESBL Klebsiella pneumoniae bacteremia (blood cx 6/17) with persistent fevers and rising CRP despite 5 days of cefepime; isolate resistant to cefepime, ceftriaxone, and ciprofloxacin. Severe PCN allergy (angioedema) precludes pip-tazo. Presumed infected tunneled HD catheter remains in place — removal declined at family meeting, AVF not yet usable. Pt stable off vasopressors; request meropenem 500 mg IV q24h per ID.",2026-06-24 11:50:00+00,Dr. Synth Ettica (SYNTHETIC)
R0068,P029,daptomycin,750,post-HD,IV,"Gram-positive infection, non-pulmonary source","MSSA bacteremia (6/21) w/ source = tunneled HD catheter, now removed — non-pulmonary: no pneumonia, CXR clear, no resp sx. Vancomycin contraindicated d/t documented anaphylaxis; pt never received vanc, so no vanc failure or intolerance — surveillance cx 6/24 already no growth on daptomycin. Requesting daptomycin 750 mg IV post-HD (TTS) to complete 14 d from first negative cx per ID.",2026-06-26 15:34:00+00,Dr. Testa Fakeworth (SYNTHETIC)
R0069,P014,daptomycin,600,q24h,IV,"MRSA bacteremia, line source","MRSA bacteremia with line source; not treating pneumonia or a lung source. Vancomycin remains susceptible and there is no failure or qualifying intolerance: no persistent bacteremia on therapeutic levels, no vanc-attributed AKI/rash/infusion reaction. Request daptomycin 600 mg IV q24h, with renal dose verification for eGFR 39 and CK monitoring.",2026-06-30 07:32:00+00,Dr. Testa Fakeworth (SYNTHETIC)
R0070,P043,vancomycin,1000,q24h,IV,"Fever, empiric MRSA coverage pending cultures","Febrile (T 38.6) w/ WBC 22.9 and BP 86/54 (MAP ~62) this morning on the renal ward; prior MRSA nares colonization (2024), so empiric MRSA coverage is warranted pending cultures. Amoxicillin allergy (hives) complicates ampicillin use for the urinary E. faecalis. Not on vasopressors, lactate 0.8. Requesting renal dosing w/ pharmacy, will follow troughs and de-escalate per culture results.",2026-06-30 07:52:00+00,Dr. Faux Kidneyman (SYNTHETIC)
R0071,P050,meropenem,500,q24h,IV,Broad-spectrum gram-negative coverage,"78M HD-dependent pt w/ suspected infected tunneled dialysis catheter; line still in place and removal pending/declined, so source is uncontrolled and GN bacteremia risk is high. No cultures sent yet to guide narrowing — need reliable broad gram-negative (incl. Pseudomonas) coverage now. Hemodynamically stable on no vasopressors, but ESKD catheter-associated infection can deteriorate quickly. Vanc red-man reaction limits the gram-positive side; meropenem 500 mg IV q24h renally dosed for HD.",2026-07-01 08:08:00+00,Dr. Faux Kidneyman (SYNTHETIC)
R0072,P018,daptomycin,550,q24h,IV,"VRE infection, non-pulmonary source","VRE (E. faecium) UTI in 47F ESRD on CAPD w/ severe PCN allergy (angioedema); isolate is vanc-R and amp-R, so standard agents are out — vanc was never given (no failure, no intolerance; bug is simply resistant). Source is urinary, not pulmonary. Linezolid is susceptible but avoiding d/t marrow-suppression risk w/ baseline Hgb 11.4 on EPO. Requesting daptomycin 550 mg IV q24h (high-dose ~7 mg/kg) per ID; aware panel reports dapto R, confirmatory MIC sent, will monitor CK weekly.",2026-07-05 08:57:00+00,Dr. Faux Kidneyman (SYNTHETIC)
R0073,P010,daptomycin,450,q48h,IV,"MRSA bacteremia, line source","MRSA bacteremia d/t tunneled line; still bacteremic >72 h on vancomycin with troughs 18-20, ongoing fevers and CRP up to 207 — vanc failure despite in vitro susceptibility. Requesting daptomycin 450 mg IV q48h (wt 67 kg, CrCl <30, not on dialysis). Baseline CK 178, will monitor CK while on therapy.",2026-07-11 11:08:00+00,Dr. Mock Sampleton (SYNTHETIC)
R0074,P032,vancomycin,750,post-HD,IV,MRSA bacteremia,"MRSA bacteremia (blood cx 07/12) in ESKD pt on HD MWF, with prior MRSA colonization on nares screen (2024) and remote VRE urine history. Requesting vanc 750 mg IV post-HD per renal/HD dosing, trough 10.3 on current regimen. Vanc reported intermediate on panel — ID aware and considering daptomycin; request covers uninterrupted therapy while that decision is finalized.",2026-07-14 16:18:00+00,Dr. Ima Placeholder (SYNTHETIC)
R0075,P037,daptomycin,700,q24h,IV,"MRSA bacteremia, line source","MRSA bacteremia 2/2 PICC line infection (line removed 7/14); no lung source, CXR clear. Vanc failure - persistent fevers and rising WBC despite therapeutic (supratherapeutic) troughs, plus vanc-associated AKI (Cr 3.0 -> 4.49, eGFR 21) on CKD4, nephrology concur. Isolate daptomycin-susceptible; request dapto 700 mg IV q24h with CK and renal monitoring.",2026-07-16 06:55:00+00,Dr. Testa Fakeworth (SYNTHETIC)
R0076,P026,daptomycin,700,q48h,IV,"MRSA infection, non-pulmonary source","MRSA bacteremia secondary to LLE cellulitis — non-pulmonary source, isolate daptomycin-susceptible, so dapto is appropriate (vanc also susceptible). Vanc was avoided, not failed: CKD5 with Cr 6.75/eGFR 13 and no dialysis makes vanc exposure and level interpretation hazardous; it was never infused, with no vanc-attributed AKI, rash, or infusion reaction. Requesting dapto 700 mg IV q48h (~7 mg/kg, renally adjusted).",2026-07-25 20:07:00+00,Dr. Synth Ettica (SYNTHETIC)
R0077,P001,daptomycin,550,post-HD,IV,"MRSA infection, non-pulmonary source","68M ESRD on MWF HD w/ MRSA bacteremia (blood cx 7/20), source tunneled dialysis catheter, removed 7/24 — non-pulmonary infection, no pneumonia. Requesting daptomycin 550 mg IV post-HD: post-dialysis dosing fits his MWF schedule, and ampicillin anaphylaxis limits beta-lactam alternatives. Baseline CK 113; will monitor CK weekly and f/u repeat cx + TTE.",2026-07-27 07:17:00+00,Dr. Testa Fakeworth (SYNTHETIC)
R0078,P004,vancomycin,1000,q48h,IV,Empiric gram-positive coverage,"E. faecalis UTI w/ systemic response (urine cx 7/28) in CKD 4; isolate is ampicillin-susceptible but pt has anaphylaxis to ampicillin, and cephalosporins are not an option (cephalexin rash on file, and no enterococcal activity regardless). Pt is hemodynamically stable, never on pressors, no shock this admission. Requesting vanco 1000 mg IV q48h d/t anaphylactic PCN allergy, dosed per renal fxn w/ pharmacy level monitoring; will de-escalate per ID.",2026-08-01 02:15:00+00,Dr. Ima Placeholder (SYNTHETIC)
R0079,P044,daptomycin,350,q24h,IV,"MRSA infection, non-pulmonary source","MRSA bacteremia secondary to infected R great toe ulcer (non-pulmonary source; CXR clear, no pneumonia). Isolate is vanc-susceptible and pt is tolerating vanc with therapeutic troughs and clinical improvement — no vanc failure, AKI, rash, or infusion reaction. Requesting dapto 350 mg IV q24h (~6.7 mg/kg) as a renal-sparing precaution in CKD 3b (eGFR 36) and to allow once-daily OPAT dosing without TDM. Baseline CK 109, will monitor weekly.",2026-08-03 12:03:00+00,Dr. Mock Sampleton (SYNTHETIC)
R0080,P039,vancomycin,1000,q48h,IV,"Fever, empiric MRSA coverage pending cultures","Recurrent fever with rigors in a CKD5 (pre-dialysis) patient with MSSA bacteremia documented 8/1; new blood cultures drawn today and still pending. Requesting empiric vancomycin for MRSA coverage until cultures finalize. Patient is hemodynamically stable (MAP ~93, no vasopressor requirement), and q48h dosing accounts for severe renal impairment (eGFR 10).",2026-08-08 03:34:00+00,Dr. Synth Ettica (SYNTHETIC)
